Destination,Episodes
darrendaily.com,"312 (1370, 1355, 1351, 980, 979, 978, 977, 976, 975, 974, 973, 972, 971, 970, 969, 968, 967, 966, 965, 964, 963, 962, 961, 960, 959, 958, 957, 956, 955, 954, 953, 952, 951, 950, 949, 948, 947, 946, 945, 944, 943, 942, 941, 939, 938, 937, 936, 935, 934, 933, 932, 931, 930, 929, 928, 927, 926, 925, 924, 923, 922, 921, 920, 919, 918, 917, 916, 915, 914, 913, 912, 911, 910, 909, 908, 907, 906, 905, 904, 903, 902, 901, 900, 899, 897, 896, 895, 894, 893, 892, 891, 890, 889, 888, 887, 886, 885, 884, 883, 882, 881, 880, 879, 878, 877, 876, 875, 874, 873, 872, 871, 870, 869, 868, 867, 866, 864, 863, 862, 861, 860, 859, 858, 857, 856, 855, 854, 853, 852, 851, 850, 849, 848, 847, 846, 845, 844, 843, 842, 841, 840, 839, 838, 837, 836, 835, 834, 833, 832, 831, 830, 829, 828, 827, 826, 825, 824, 823, 822, 821, 820, 819, 818, 817, 816, 815, 814, 813, 812, 810, 809, 808, 807, 806, 804, 801, 798, 797, 796, 795, 794, 793, 792, 791, 790, 789, 788, 787, 786, 785, 784, 783, 782, 781, 780, 779, 778, 777, 775, 774, 773, 772, 771, 770, 769, 768, 767, 766, 765, 764, 763, 762, 761, 760, 759, 758, 757, 756, 755, 754, 753, 752, 751, 750, 749, 748, 747, 746, 745, 739, 738, 737, 736, 735, 734, 728, 727, 726, 725, 724, 723, 722, 721, 720, 719, 718, 717, 716, 715, 714, 713, 712, 711, 710, 709, 688, 687, 686, 685, 684, 683, 682, 681, 680, 679, 674, 673, 672, 671, 670, 669, 668, 667, 666, 665, 664, 663, 662, 661, 660, 659, 658, 657, 655, 654, 653, 652, 651, 650, 649, 648, 647, 646, 645, 644, 643, 642, 641, 640, 639, 638, 637, 636, 635, 634, 633, 631, 598, 3, 2, 1, plus 1 with no episode number)"
go.darrenhardy.com/darrendaily,"54 (930, 929, 928, 926, 753, 752, 749, 733, 638, 637, 636, 635, 634, 632, 629, 628, 627, 626, 625, 624, 623, 622, 621, 620, 619, 618, 617, 616, 615, 614, 613, 612, 611, 610, 609, 608, 607, 606, 605, 604, 603, 602, 601, 600, 599, 596, 595, 593, 592, 591, 590, 589, 588, 587)"
rivetingspeaker.com,"26 (1875, 1874, 1873, 1872, 1871, 1870, 1869, 1868, 1865, 1864, 1863, 1862, 1861, 1859, 1857, 1856, 1852, 1851, 1849, 1848, 1847, 1846, 1845, 1844, 1843, plus 1 with no episode number)"
hardyclub.com,"22 (1427, 1170, 1165, 1135, 1125, 1098, 1078, 1069, 1068, 1066, 1065, 1063, 1061, 1058, 1057, 1053, 1051, 1050, 1047, 1046, 1044, 1043)"
herosjourney.com/podcast,"22 (1334, 1333, 1332, 1331, 1330, 1329, 1328, 1327, 1326, 1324, 1323, 1322, 1321, 1319, 1316, 1315, 1313, 1311, 1309, 1308, 1232, 1230)"
DHBMC.com/Podcast,"19 (1270, 1269, 1268, 1267, 1266, 1265, 1264, 1263, 1261, 1259, 1258, 1257, 1256, 1253, 1251, 1250, 1249, 1248, 1246)"
hardyevent.com,"19 (1893, 1892, 1891, 1888, 1887, 1886, 1818, 1817, 1816, 1668, 1667, 1666, 1665, 1664, 1663, 1662, 1661, 1660, 1659)"
herosjourney.com,"18 (1955, 1807, 1528, 1523, 1319, 1318, 1317, 1010, 1003, 920, 869, 803, 802, 800, 799, 795, 530, 502)"
darrenhardyworkshop.com,"16 (1714, 1713, 1712, 1711, 1710, 1709, 1708, 1707, 1706, 1495, 1490, 1489, 1427, 1131, 840, 639)"
go.darrenhardy.com/heros-journey,"16 (869, 802, 800, 793, 792, 791, 790, 789, 530, 511, 509, 496, 495, 494, 488, plus 1 with no episode number)"
dhbusinessmasterclass.com,"13 (1120, 1111, 1041, 996, 890, 824, 816, 815, 754, 750, 749, 714, 663)"
go.darrenhardy.com/business-master-class,"13 (926, 917, 880, 860, 840, 828, 827, 824, 823, 821, 758, 757, 747)"
hardybmc.com/darrendaily,"13 (1943, 1942, 1941, 1936, 1935, 1685, 1684, 1683, 1673, 1528, 1524, 1523, 1518)"
darrenhardy.com/hire,"12 (1989, 1988, 1986, 1985, 1984, 1982, 1981, 1980, 1979, 1978, 1977, 1976)"
dhbmc.com,"11 (1244, 1151, 1150, 1149, 1148, 1147, 1143, 1141, 1138, 1119, 1112)"
insaneproductivity.com,"11 (2011, 2010, 1811, 1700, 1695, 1576, 1575, 1528, 1523, 1003, 998)"
bmc.darrenhardy.com/scholarship,"10 (1805, 1804, 1803, 1802, 1801, 1800, 1799, 1798, 1794, 1669)"
darrenhardy.com/careers,"8 (2005, 2004, 2003, 2002, 2001, 1765, 1764, 1763)"
darrenhardy.com/Speed,"8 (1905, 1904, 1903, 1902, 1901, 1900, 1899, 1898)"
hardybmc.com,"8 (1680, 1679, 1678, 1427, 1402, 1401, 1389, plus 1 with no episode number)"
herosjourney.com/exclusive,"8 (1352, 1349, 1259, 1207, 1197, 1181, 1101, 1081)"
insaneproductivity.com/vip,"8 (1464, 1427, 1359, 1296, 1277, 1243, 1221, 1213)"
profits.darrenhardy.com,"8 (2020, 2019, 2018, 2017, 2016, 2014, 2013, plus 1 with no episode number)"
darrenhardy.com/bmc-oct-2022-exclusive,"7 (1007, 1006, 1004, 1003, 995, 993, 991)"
darrenhardy.com/launch,"7 (1842, 1841, 1840, 1839, 1838, 1837, 1836)"
hardypredictions.com,"7 (1307, 1306, 1305, 1304, 1303, 1302, 1301)"
unbreakablesole.com,"7 (1883, 1882, 1881, 1880, 1879, 1878, 1877)"
darrenhardy.com/april-address,"6 (878, 875, 874, 873, 872, 871)"
darrenhardyai.com,"6 (1525, 1510, 1509, 1508, 1507, 1140)"
darrenhardybroadcast.com,"6 (1484, 1457, 1218, 1187, 1024, 592)"
files.darrenhardy.com/darrendaily/worksheets/Dog%20Days%20of%20Summer%20Guidebook.pdf,"6 (696, 695, 694, 693, 692, 691)"
jumpstartmysuccess.com,"6 (1627, 1610, 1608, 1606, 601, plus 1 with no episode number)"
DarrenDaily.com/5Traits,"5 (6, 5, 4, 3, 2)"
darrenhardy.com/summer,"5 (945, 944, 943, 942, 941)"
dd.darrenhardy.com,"5 (9, 8, 6, 5, 4)"
dh.darrenhardy.com/electrifying,"5 (1833, 1832, 1831, 1830, 1829)"
go.darrenhardy.com/vip-friend,"5 (909, 908, 866, 821, 628)"
join.darrenhardy.com/business-master-class/registration,"5 (629, 617, 611, 610, 609)"
summerresetchallenge.com,"5 (678, 677, 676, 675, 673)"
darrenhardy.com/breakthrough,"4 (1602, 1601, 1598, plus 1 with no episode number)"
darrenhardy.com/darrendaily-on-demand,"4 (844, 843, 842, 841)"
darrenhardy.com/VIP,"4 (1121, 946, 681, 665)"
darrenhardy.com/Win-The-Week,"4 (1209, 940, 656, 649)"
go.darrenhardy.com/conquering-the-big-10-encore,"4 (622, 619, 615, 614)"
go.darrenhardy.com/discover-your-true-life-purpose,"4 (984, 965, 816, 729)"
hardyevent.com/bulletproof,"4 (1240, 1237, 1233, 1231)"
winsuperfans.com,"4 (1384, 1382, 1381, 1376)"
10xbottomline.com,"3 (955, 954, 952)"
ai.darrenhardy.com/answers,"3 (1793, 1792, 1791)"
darrenhardy.com/persuasion,"3 (1031, 892, 769)"
darrenhardygift.com,"3 (1399, 1394, plus 1 with no episode number)"
dd.darrenhardy.com/aftershow,"3 (1490, 1489, 1488)"
go.darrenhardy.com/insider-secrets,"3 (981, 592, 576)"
greatness.darrenhardy.com,"3 (1723, 1722, 1721)"
hardybriefing.com,"3 (854, 850, 845)"
insaneproductivity.com/exclusive,"3 (1360, 1224, plus 1 with no episode number)"
joinnow.live/s/f9e667,"3 (1073, 1024, 1017)"
addevent.com/event/vx3yx4pttqs3,"2 (1867, 1866)"
bit.ly/3ZQ0Rsj,"2 (1590, 1589)"
camphardy.com,"2 (1438, 1437)"
darrenhardy.com/10x-broadcast-v1,"2 (959, 956)"
darrenhardy.com/gift,"2 (708, 636)"
darrenhardy.com/leadership-brief,"2 (843, 841)"
darrenhardy.com/resources/morning-routine-blueprint/worksheet.pdf,"2 (1465, 1214)"
darrenhardy.com/sunday,"2 (1483, 1221)"
darrenhardy.com/vip-friend,"2 (1198, 821)"
dh.darrenhardy.com/sunday,"2 (1475, 1430)"
go.darrenhardy.com/5x5-aftershow,"2 (608, 606)"
go.darrenhardy.com/a-team,"2 (934, 889)"
go.darrenhardy.com/heros-journey/sold-out,"2 (923, 920)"
go.darrenhardy.com/insane-productivity-ludicrous,"2 (863, 612)"
hero.darrenhardy.com,"2 (1620, 1323)"
join.darrenhardy.com/insane-productivity/exclusive-open-access,"2 (636, 557)"
join.darrenhardy.com/jumpstart,"2 (865, 601)"
join.darrenhardy.com/roller-coaster-book,"2 (884, 827)"
join.darrenhardy.com/the-compound-effect,"2 (559, 558)"
livingyourbestyearever.com,"2 (1949, 1221)"
maybmc.com,"2 (1135, 1134)"
resources.darrenhardy.com/10x-optin1659724431208,"2 (995, 971)"
resources.darrenhardy.com/persuasion-optin1655403620691,"2 (1048, 967)"
resources.darrenhardy.com/productive-meetings-optin1644603593753,"2 (882, 881)"
store.darrenhardy.com,"2 (1523, 1049)"
store.darrenhardy.com/collections/frontpage/products/living-your-best-year-ever,"2 (1064, 1049)"
store.darrenhardy.com/collections/merchandise/products/living-your-best-year-ever,"2 (970, 969)"
2518645.fs1.hubspotusercontent-na1.net/hubfs/2518645/BMC44%20Elite%20Secrets/ELITE%20Secrets%20by%20Darren%20Hardy.pdf,"1 (, plus 1 with no episode number)"
2518645.fs1.hubspotusercontent-na1.net/hubfs/2518645/DD-Worksheets/FL-DarrenDaily-Four-Quarters-System-August.2025.pdf,1 (1800)
2518645.fs1.hubspotusercontent-na1.net/hubfs/2518645/DD-Worksheets/FL-DD-DigitalAddictionAssessment-August.2025.pdf,1 (1796)
ai.darrenhardy.com/livestream,1 (1521)
darrendaily.com/joi,1 (1977)
darrendaily.com/join%20to%20learn%20more,1 (1805)
DarrenDailyJournal.com,1 (1103)
darrenhardy.com/ConquerStress,1 (642)
darrenhardy.com/crisis,"1 (, plus 1 with no episode number)"
darrenhardy.com/efastpass/exclusive,1 (951)
darrenhardy.com/resources/darren-hardy/Summer_Bucket_List_Challenge.pdf,1 (1215)
darrenhardy.com/resources/darren-hardy/Supercharge_Your_Summer.pdf,1 (1215)
darrenhardylive.com/Encore,1 (616)
darrenhardystore.com,1 (1064)
dd.darrenhardy.com/how-to-become-unbreakable,1 (1878)
dd.darrenhardy.com/the-400-performance-improvement-secret,1 (1761)
dd.darrenhardy.com/the-antidote,"1 (, plus 1 with no episode number)"
dd.darrenhardy.com/warning-are-you-stuck,1 (861)
DHBUSINESSMASTERLCASS.COM,1 (1344)
drive.darrenhardy.com,1 (1646)
efastpass.com/checkout,1 (1715)
event.on24.com/wcc/r/4581021/7E86F20B0A142DBD25ED90E7A09C39DA,1 (1424)
files.darrenhardy.com/darrendaily/Tim-Grover-Interview.mp3,1 (807)
files.darrenhardy.com/darrendaily/worksheets/DarrenHardy_MakingAnImpact.pdf,1 (672)
files.darrenhardy.com/darrendaily/worksheets/ProductivityAssessment2022.pdf,1 (958)
files.darrenhardy.com/darrendaily/worksheets/Trust_Battery_Exercise.pdf,1 (836)
forms.gle/sFA5sv4e3u4avV4u8,1 (835)
go.darrenhardy.com/8-tragic-mistakes-6,1 (595)
go.darrenhardy.com/business-master-class-inquiry-enrollment,1 (607)
go.darrenhardy.com/efastpass-walkthrough,1 (443)
go.darrenhardy.com/heros-journey/2022-kickoff,1 (804)
go.darrenhardy.com/win-the-week,1 (700)
hardybmc.com/checkout,1 (1987)
herosjourney.com/Scholarship,1 (814)
insaneproductivity.com/summer,1 (1215)
ipl.darrenhardy.com/main,1 (1582)
ipl.darrenhardy.com/scholarship,1 (1646)
join.darrenhardy.com/business-master-class/briefing-inquiry,"1 (, plus 1 with no episode number)"
join.darrenhardy.com/business-master-class/smb-growth-may,1 (888)
join.darrenhardy.com/heros-journey/broadcast-exclusive,1 (801)
join.darrenhardy.com/insane-productivity/exclusive,1 (702)
join.darrenhardy.com/jumpstart-summer,1 (684)
jump.darrenhardy.com/breakthrough,1 (1603)
jumpstartmysuccess.com/Summer,1 (685)
shockmyfriends.com,1 (931)
store.darrenhardy.com/collections/frontpage/products/darrendaily-journal,1 (990)
vimeo.com/384137484/8ed32b680f,1 (962)
youtu.be/a7ekrLSPLlY,1 (633)
