BMC_Logo.png	https://cdn.prod.website-files.com/6a66d7a6f9d116b514a13ae1/6a66e5535a1a5ea0057e2346_BMC_Logo.png
JackWelch.webp	https://cdn.prod.website-files.com/6a66d7a6f9d116b514a13ae1/6a66e5554df7439ce7c715ab_JackWelch.webp
Michael-Soler-studio-blue.webp	https://cdn.prod.website-files.com/6a66d7a6f9d116b514a13ae1/6a66e55522bf946a016bb101_Michael-Soler-studio-blue.webp
SM_08_01_Kiyosaki.webp	https://cdn.prod.website-files.com/6a66d7a6f9d116b514a13ae1/6a66e55557b738a7a0384417_SM_08_01_Kiyosaki.webp
SM_08_02_50.webp	https://cdn.prod.website-files.com/6a66d7a6f9d116b514a13ae1/6a66e5554df7439ce7c715df_SM_08_02_50.webp
SM_08_03_Trump.webp	https://cdn.prod.website-files.com/6a66d7a6f9d116b514a13ae1/6a66e55589d4dc60a5949524_SM_08_03_Trump.webp
SM_08_04_OZ.webp	https://cdn.prod.website-files.com/6a66d7a6f9d116b514a13ae1/6a66e555e77ce54f28afa6ca_SM_08_04_OZ.webp
SM_08_05_HAWK.webp	https://cdn.prod.website-files.com/6a66d7a6f9d116b514a13ae1/6a66e55589d4dc60a5949544_SM_08_05_HAWK.webp
SM_08_06_Deutsch.webp	https://cdn.prod.website-files.com/6a66d7a6f9d116b514a13ae1/6a66e555e77ce54f28afa6e7_SM_08_06_Deutsch.webp
SM_09_01_Robbins.webp	https://cdn.prod.website-files.com/6a66d7a6f9d116b514a13ae1/6a66e556daf5e386ed5dd9a5_SM_09_01_Robbins.webp
SM_09_02_Powell.webp	https://cdn.prod.website-files.com/6a66d7a6f9d116b514a13ae1/6a66e5566ec51493e8c20979_SM_09_02_Powell.webp
SM_09_03_FOREMAN.webp	https://cdn.prod.website-files.com/6a66d7a6f9d116b514a13ae1/6a66e55632c1b5d12231eb58_SM_09_03_FOREMAN.webp
SM_09_04_Maxwell.webp	https://cdn.prod.website-files.com/6a66d7a6f9d116b514a13ae1/6a66e55632c1b5d12231eb6d_SM_09_04_Maxwell.webp
SM_09_05_ORMAN.webp	https://cdn.prod.website-files.com/6a66d7a6f9d116b514a13ae1/6a66e55632c1b5d12231eb82_SM_09_05_ORMAN.webp
SM_09_06_LANCE.webp	https://cdn.prod.website-files.com/6a66d7a6f9d116b514a13ae1/6a66e55632c1b5d12231eb97_SM_09_06_LANCE.webp
SM_09_07_BRANSON.webp	https://cdn.prod.website-files.com/6a66d7a6f9d116b514a13ae1/6a66e5563a7bdd61c3f57593_SM_09_07_BRANSON.webp
SM_09_08_FOX.webp	https://cdn.prod.website-files.com/6a66d7a6f9d116b514a13ae1/6a66e556a4b0de80b8b501e2_SM_09_08_FOX.webp
SM_09_09_FOSTER_Barcode.webp	https://cdn.prod.website-files.com/6a66d7a6f9d116b514a13ae1/6a66e61c5a1a5ea0057e80b9_SM_09_09_FOSTER_Barcode.webp
SM_09_10_SERENA_barcode.webp	https://cdn.prod.website-files.com/6a66d7a6f9d116b514a13ae1/6a66e61c32c1b5d12232382b_SM_09_10_SERENA_barcode.webp
SM_09_11_OSTEEN_barcode.webp	https://cdn.prod.website-files.com/6a66d7a6f9d116b514a13ae1/6a66e61c7eed2e69a3002a34_SM_09_11_OSTEEN_barcode.webp
SM_09_12_DrPHIL.webp	https://cdn.prod.website-files.com/6a66d7a6f9d116b514a13ae1/6a66e61d7eed2e69a3002a5e_SM_09_12_DrPHIL.webp
SM_10_01_KEYES.webp	https://cdn.prod.website-files.com/6a66d7a6f9d116b514a13ae1/6a66e61e44f46a1ffc5421ab_SM_10_01_KEYES.webp
SM_10_02_RAMSEY.webp	https://cdn.prod.website-files.com/6a66d7a6f9d116b514a13ae1/6a66e61e70b11505bd255a0d_SM_10_02_RAMSEY.webp
SM_10_03_HOPKINS.webp	https://cdn.prod.website-files.com/6a66d7a6f9d116b514a13ae1/6a66e61eccabcac5f094e87e_SM_10_03_HOPKINS.webp
SM_10_04_COLLINS.webp	https://cdn.prod.website-files.com/6a66d7a6f9d116b514a13ae1/6a66e61ebbf0595728193948_SM_10_04_COLLINS.webp
SM_10_05_MICHAELS.webp	https://cdn.prod.website-files.com/6a66d7a6f9d116b514a13ae1/6a66e61ebbf0595728193975_SM_10_05_MICHAELS.webp
SM_10_06_JOBS.webp	https://cdn.prod.website-files.com/6a66d7a6f9d116b514a13ae1/6a66e61f14427c7ab009ab87_SM_10_06_JOBS.webp
SM_10_07_COLE.webp	https://cdn.prod.website-files.com/6a66d7a6f9d116b514a13ae1/6a66e61f1dabea02a089a958_SM_10_07_COLE.webp
SM_10_08_JOHNSON.webp	https://cdn.prod.website-files.com/6a66d7a6f9d116b514a13ae1/6a66e61f22bf946a016c20f8_SM_10_08_JOHNSON.webp
SM_10_09_DELL.webp	https://cdn.prod.website-files.com/6a66d7a6f9d116b514a13ae1/6a66e6204d2ae840ef944797_SM_10_09_DELL.webp
SM_10_10_USHER.webp	https://cdn.prod.website-files.com/6a66d7a6f9d116b514a13ae1/6a66e620d4f0219be4240398_SM_10_10_USHER.webp
SM_10_11_MANNINGS.webp	https://cdn.prod.website-files.com/6a66d7a6f9d116b514a13ae1/6a66e6201dabea02a089aa11_SM_10_11_MANNINGS.webp
SM_10_12_SHRIVER.webp	https://cdn.prod.website-files.com/6a66d7a6f9d116b514a13ae1/6a66e620e77ce54f28b00f1d_SM_10_12_SHRIVER.webp
SM_11_01_HOWARD.webp	https://cdn.prod.website-files.com/6a66d7a6f9d116b514a13ae1/6a66e621e123fb9285f82d0f_SM_11_01_HOWARD.webp
SM_11_02_CHAN.webp	https://cdn.prod.website-files.com/6a66d7a6f9d116b514a13ae1/6a66e621901776d33b22791f_SM_11_02_CHAN.webp
SM_11_03_SCHWAB.webp	https://cdn.prod.website-files.com/6a66d7a6f9d116b514a13ae1/6a66e6216c506c4f5d51d6fa_SM_11_03_SCHWAB.webp
SM_11_04_SCHULTZ.webp	https://cdn.prod.website-files.com/6a66d7a6f9d116b514a13ae1/6a66e6226c506c4f5d51d781_SM_11_04_SCHULTZ.webp
SM_11_05_ZUCKERBERG.webp	https://cdn.prod.website-files.com/6a66d7a6f9d116b514a13ae1/6a66e62224f919e05bae7271_SM_11_05_ZUCKERBERG.webp
SM_11_06_MARTIN.webp	https://cdn.prod.website-files.com/6a66d7a6f9d116b514a13ae1/6a66e622ddd45a7a6d29f8ad_SM_11_06_MARTIN.webp
SM_11_07_DICAPRIO.webp	https://cdn.prod.website-files.com/6a66d7a6f9d116b514a13ae1/6a66e622ddd45a7a6d29f8d2_SM_11_07_DICAPRIO.webp
SM_11_08_BEZOS.webp	https://cdn.prod.website-files.com/6a66d7a6f9d116b514a13ae1/6a66e6226ec51493e8c253c6_SM_11_08_BEZOS.webp
SM_11_09_CONNICK.webp	https://cdn.prod.website-files.com/6a66d7a6f9d116b514a13ae1/6a66e623e123fb9285f82ea4_SM_11_09_CONNICK.webp
SM_11_10_OZ.webp	https://cdn.prod.website-files.com/6a66d7a6f9d116b514a13ae1/6a66e6234c85b095e290cb14_SM_11_10_OZ.webp
SM_11_11_CUBAN.webp	https://cdn.prod.website-files.com/6a66d7a6f9d116b514a13ae1/6a66e6234c85b095e290cb5b_SM_11_11_CUBAN.webp
SM_11_12_SANTA.webp	https://cdn.prod.website-files.com/6a66d7a6f9d116b514a13ae1/6a66e6235a1a5ea0057e8587_SM_11_12_SANTA.webp
SM_12_01_DOWNEY.webp	https://cdn.prod.website-files.com/6a66d7a6f9d116b514a13ae1/6a66e6247eed2e69a3002cb2_SM_12_01_DOWNEY.webp
SM_12_02_KARDASHIAN.webp	https://cdn.prod.website-files.com/6a66d7a6f9d116b514a13ae1/6a66e625ccabcac5f094ee0c_SM_12_02_KARDASHIAN.webp
SM_12_03_BLOOMBERG.webp	https://cdn.prod.website-files.com/6a66d7a6f9d116b514a13ae1/6a66e6259bf09a77ef09c4d0_SM_12_03_BLOOMBERG.webp
SM_12_04_LOWE.webp	https://cdn.prod.website-files.com/6a66d7a6f9d116b514a13ae1/6a66e6264d2ae840ef944bf4_SM_12_04_LOWE.webp
SM_12_05_ORMAN.webp	https://cdn.prod.website-files.com/6a66d7a6f9d116b514a13ae1/6a66e626bf5f86f07dcc8ce2_SM_12_05_ORMAN.webp
SM_12_06_JOHANNSON.webp	https://cdn.prod.website-files.com/6a66d7a6f9d116b514a13ae1/6a66e627664751995c93b4b1_SM_12_06_JOHANNSON.webp
SM_12_07_TECHNOLOGY.webp	https://cdn.prod.website-files.com/6a66d7a6f9d116b514a13ae1/6a66e628e123fb9285f83052_SM_12_07_TECHNOLOGY.webp
SM_12_08_BRANSON.webp	https://cdn.prod.website-files.com/6a66d7a6f9d116b514a13ae1/6a66e628daf5e386ed5e5de9_SM_12_08_BRANSON.webp
SM_12_09_BURNETT.webp	https://cdn.prod.website-files.com/6a66d7a6f9d116b514a13ae1/6a66e628daf5e386ed5e5e21_SM_12_09_BURNETT.webp
SM_12_10_MAXWELL.webp	https://cdn.prod.website-files.com/6a66d7a6f9d116b514a13ae1/6a66e62805d9b605699647ae_SM_12_10_MAXWELL.webp
SM_12_11_WASHINGTON.webp	https://cdn.prod.website-files.com/6a66d7a6f9d116b514a13ae1/6a66e62946eca4d61190c686_SM_12_11_WASHINGTON.webp
SM_12_12_COURIC.webp	https://cdn.prod.website-files.com/6a66d7a6f9d116b514a13ae1/6a66e62ad7033981c3c67dcc_SM_12_12_COURIC.webp
SM_13_01_STEWART.webp	https://cdn.prod.website-files.com/6a66d7a6f9d116b514a13ae1/6a66e62ad7033981c3c67e30_SM_13_01_STEWART.webp
SM_13_02_MUSK.webp	https://cdn.prod.website-files.com/6a66d7a6f9d116b514a13ae1/6a66e62a70b11505bd2561ec_SM_13_02_MUSK.webp
SM_13_03_CORCORAN.webp	https://cdn.prod.website-files.com/6a66d7a6f9d116b514a13ae1/6a66e62abf5f86f07dcc9058_SM_13_03_CORCORAN.webp
SM_13_04_DIAMANDIS.webp	https://cdn.prod.website-files.com/6a66d7a6f9d116b514a13ae1/6a66e62bf10c9faafa6880f4_SM_13_04_DIAMANDIS.webp
SM_13_05_FORD.webp	https://cdn.prod.website-files.com/6a66d7a6f9d116b514a13ae1/6a66e62b14427c7ab009b4e1_SM_13_05_FORD.webp
SM_14_11_COOK.webp	https://cdn.prod.website-files.com/6a66d7a6f9d116b514a13ae1/6a66e62b8ffac146359e51fb_SM_14_11_COOK.webp
Santa1977.webp	https://cdn.prod.website-files.com/6a66d7a6f9d116b514a13ae1/6a66e62b70b11505bd25626d_Santa1977.webp
Tony_Hseih.webp	https://cdn.prod.website-files.com/6a66d7a6f9d116b514a13ae1/6a66e62b85f37e7cfe481ae3_Tony_Hseih.webp
Wall-DH-blue2.webp	https://cdn.prod.website-files.com/6a66d7a6f9d116b514a13ae1/6a66e5524df7439ce7c712d7_Wall-DH-blue2.webp
apple-touch-icon.png	https://cdn.prod.website-files.com/6a66d7a6f9d116b514a13ae1/6a66e55332c1b5d12231e9db_apple-touch-icon.png
cbs.svg	https://cdn.prod.website-files.com/6a66d7a6f9d116b514a13ae1/6a66e554d7033981c3c63334_cbs.svg
cnbc.svg	https://cdn.prod.website-files.com/6a66d7a6f9d116b514a13ae1/6a66e5534c85b095e290794d_cnbc.svg
cnn.svg	https://cdn.prod.website-files.com/6a66d7a6f9d116b514a13ae1/6a66e55432c1b5d12231ea5d_cnn.svg
dd-journal.webp	https://cdn.prod.website-files.com/6a66d7a6f9d116b514a13ae1/6a66e5525a1a5ea0057e22d4_dd-journal.webp
dd-logo-color.webp	https://cdn.prod.website-files.com/6a66d7a6f9d116b514a13ae1/6a66e55222bf946a016bb03d_dd-logo-color.webp
dd-logo-white.png	https://cdn.prod.website-files.com/6a66d7a6f9d116b514a13ae1/6a66e37bd7033981c3c54ca8_dd-logo-white.png
dd-mug.webp	https://cdn.prod.website-files.com/6a66d7a6f9d116b514a13ae1/6a66e552a4b0de80b8b5009b_dd-mug.webp
dh-expired-m.webp	https://cdn.prod.website-files.com/6a66d7a6f9d116b514a13ae1/6a66e552901776d33b22312a_dh-expired-m.webp
dh-expired.webp	https://cdn.prod.website-files.com/6a66d7a6f9d116b514a13ae1/6a66e55270b11505bd250f95_dh-expired.webp
dh-waving-m.webp	https://cdn.prod.website-files.com/6a66d7a6f9d116b514a13ae1/6a66e55270b11505bd250f80_dh-waving-m.webp
dh-waving.webp	https://cdn.prod.website-files.com/6a66d7a6f9d116b514a13ae1/6a66e552daf5e386ed5dd8d1_dh-waving.webp
ep-card-2.webp	https://cdn.prod.website-files.com/6a66d7a6f9d116b514a13ae1/6a66e5534df7439ce7c712fa_ep-card-2.webp
ep-card-3.webp	https://cdn.prod.website-files.com/6a66d7a6f9d116b514a13ae1/6a66e5536c506c4f5d517398_ep-card-3.webp
favicon-dd.png	https://cdn.prod.website-files.com/6a66d7a6f9d116b514a13ae1/6a66e553d7033981c3c632e7_favicon-dd.png
forbes.svg	https://cdn.prod.website-files.com/6a66d7a6f9d116b514a13ae1/6a66e5531dabea02a0895a40_forbes.svg
fox.svg	https://cdn.prod.website-files.com/6a66d7a6f9d116b514a13ae1/6a66e55414427c7ab00951d7_fox.svg
hero-chair.webp	https://cdn.prod.website-files.com/6a66d7a6f9d116b514a13ae1/6a66e55270b11505bd250f68_hero-chair.webp
hero-garden-m.webp	https://cdn.prod.website-files.com/6a66d7a6f9d116b514a13ae1/6a66e55270b11505bd250f52_hero-garden-m.webp
hero-garden.webp	https://cdn.prod.website-files.com/6a66d7a6f9d116b514a13ae1/6a66e552daf5e386ed5dd8ab_hero-garden.webp
inc.svg	https://cdn.prod.website-files.com/6a66d7a6f9d116b514a13ae1/6a66e55433825dbb334c0d7c_inc.svg
inter-latin-ext.woff2	https://cdn.prod.website-files.com/6a66d7a6f9d116b514a13ae1/6a66e55322bf946a016bb0af_inter-latin-ext.woff2
inter-latin.woff2	https://cdn.prod.website-files.com/6a66d7a6f9d116b514a13ae1/6a66e55322bf946a016bb09a_inter-latin.woff2
nyt.svg	https://cdn.prod.website-files.com/6a66d7a6f9d116b514a13ae1/6a66e55433825dbb334c0d91_nyt.svg
og-image.jpg	https://cdn.prod.website-files.com/6a66d7a6f9d116b514a13ae1/6a66e553901776d33b22317e_og-image.jpg
seal-amazon.webp	https://cdn.prod.website-files.com/6a66d7a6f9d116b514a13ae1/6a66e55457b738a7a03842dc_seal-amazon.webp
seal-dd.webp	https://cdn.prod.website-files.com/6a66d7a6f9d116b514a13ae1/6a66e55414427c7ab00951ec_seal-dd.webp
seal-ddod.webp	https://cdn.prod.website-files.com/6a66d7a6f9d116b514a13ae1/6a66e55457b738a7a0384306_seal-ddod.webp
seal-nsa.webp	https://cdn.prod.website-files.com/6a66d7a6f9d116b514a13ae1/6a66e5543eefd66b6dc2c690_seal-nsa.webp
seal-nyt.webp	https://cdn.prod.website-files.com/6a66d7a6f9d116b514a13ae1/6a66e55457b738a7a03842f1_seal-nyt.webp
seal-wsj.webp	https://cdn.prod.website-files.com/6a66d7a6f9d116b514a13ae1/6a66e55522bf946a016bb0ec_seal-wsj.webp
success.webp	https://cdn.prod.website-files.com/6a66d7a6f9d116b514a13ae1/6a66e55314427c7ab0095182_success.webp
